Id,Designator,Package,Quantity,Price per unit,Designation,Supplier and ref
7,"C2,C1,C3,C4,C5,C6,C7,C8,C9,C10,C11,C12,C16,C18,C19,C20,C21,C22,C23",C_0402_1005Metric,19,,0.1uF,
20,"R1,R2,R3,R4,R5,R6",R_0402_1005Metric,6,,660,
21,"R7,R8,R9,R14,R15,R16",R_0402_1005Metric,6,,10k,
22,"R10,R11,R12,R13,R17,R18,R19,R20",R_0402_1005Metric,8,,1k,
27,"R21,R22,R23,R24,R25,R26,R27,R28,R29,R30,R31,R32,R33,R34,R35,R36,R37,R38,R39,R40,R41,R42,R43,R44,R45,R46,R47,R48,R49,R50,R51,R52,R53,R54,R55,R56,R57,R58,R59,R60,R61,R62,R63,R64,R65,R66,R67,R68,R69,R70,R71,R72,R73,R74,R75,R76",R_0402_1005Metric,56,,1k,
31,C15,C_0402_1005Metric,1,,5600pF,
,,,total no parts:,Total price:,,
,,,96,,,
